Date,Product,Category,Units_Sold,Price,Revenue,Region,Rating,Discount,Final Price
2025-01-01,Mobile,Electronics,115,30907.0,3554305.0,North,1,16,25961.879999999997
2025-01-02,Watch,Clothing,108,39310.0,4245480.0,South,5,20,31448.0
2025-01-03,Headphones,Clothing,64,61988.0,3967232.0,North,1,13,53929.56
2025-01-04,Bag,Accessories,104,83079.0,8640216.0,North,3,14,71447.94
2025-01-05,Mobile,Electronics,72,39027.0,2809944.0,North,1,6,36685.38
2025-01-06,Tablet,Electronics,137,107388.0,14712156.0,West,2,5,102018.59999999999
2025-01-07,Shoes,Footwear,124,5855.0,726020.0,East,4,20,4684.0
2025-01-08,Mobile,Clothing,41,45059.0,1847419.0,East,3,7,41904.869999999995
2025-01-09,Headphones,Accessories,76,53825.0,4090700.0,South,5,10,48442.5
2025-01-10,Bag,Electronics,131,52298.0,6851038.0,South,4,10,47068.200000000004
2025-01-11,Watch,Footwear,110,15451.0,1699610.0,North,5,18,12669.820000000002
2025-01-12,Headphones,Electronics,96,726.0,69696.0,East,2,20,580.8000000000001
2025-01-13,Headphones,Electronics,35,68960.0,2413600.0,North,1,18,56547.200000000004
2025-01-14,Shoes,Accessories,126,48037.0,6052662.0,North,5,19,38909.97
2025-01-15,Laptop,Footwear,141,11736.0,1654776.0,South,1,5,11149.199999999999
2025-01-16,Bag,Electronics,55,28741.0,1580755.0,South,4,20,22992.800000000003
2025-01-17,Pants,Accessories,33,79283.0,2616339.0,West,4,14,68183.38
2025-01-18,Headphones,Accessories,44,51227.0,2253988.0,South,4,14,44055.22
2025-01-19,Laptop,Footwear,45,34731.0,1562895.0,West,2,19,28132.11
2025-01-20,Pants,Electronics,15,8912.0,133680.0,West,2,6,8377.279999999999
2025-01-21,Bag,Accessories,5,104301.0,521505.0,East,1,12,91784.88
2025-01-22,Shirt,Accessories,50,65655.0,3282750.0,East,1,8,60402.600000000006
2025-01-23,Tablet,Accessories,105,74944.0,7869120.0,North,5,19,60704.64000000001
2025-01-24,Laptop,Accessories,94,5309.0,499046.0,North,4,10,4778.1
2025-01-25,TV,Electronics,114,49468.0,5639352.0,South,4,18,40563.76
2025-01-26,Shirt,Electronics,61,100937.0,6157157.0,North,1,16,84787.08
2025-01-27,Tablet,Electronics,5,54815.0,274075.0,South,2,16,46044.6
2025-01-28,Shoes,Accessories,67,82703.0,5541101.0,West,4,9,75259.73
2025-01-29,Mobile,Electronics,59,29959.0,1767581.0,North,4,19,24266.79
2025-01-30,Watch,Electronics,119,85908.0,10223052.0,West,1,8,79035.36
2025-01-31,TV,Electronics,147,60312.0,8865864.0,West,3,6,56693.28
2025-02-01,Shoes,Electronics,57,102671.0,5852247.0,West,3,16,86243.64
2025-02-02,Bag,Accessories,141,26789.0,3777249.0,East,3,9,24377.99
2025-02-03,Shoes,Footwear,61,30215.0,1843115.0,West,3,12,26589.2
2025-02-04,Mobile,Electronics,121,29209.0,3534289.0,East,1,19,23659.29
2025-02-05,Bag,Clothing,39,83509.0,3256851.0,North,3,8,76828.28
2025-02-06,TV,Electronics,67,62246.0,4170482.0,East,5,10,56021.4
2025-02-07,Mobile,Electronics,29,106861.0,3098969.0,East,5,18,87626.02
2025-02-08,Pants,Electronics,94,26343.0,2476242.0,West,4,6,24762.42
2025-02-09,Watch,Clothing,79,6354.0,501966.0,West,3,19,5146.740000000001
2025-02-10,TV,Electronics,42,22004.0,924168.0,West,2,8,20243.68
2025-02-11,Pants,Electronics,134,41888.0,5612992.0,North,3,20,33510.4
2025-02-12,Tablet,Electronics,139,64488.0,8963832.0,East,1,6,60618.719999999994
2025-02-13,TV,Electronics,95,51395.0,4882525.0,West,4,16,43171.799999999996
2025-02-14,Tablet,Electronics,21,20781.0,436401.0,East,4,12,18287.28
2025-02-15,Bag,Clothing,132,52848.0,6975936.0,West,4,20,42278.4
2025-02-16,Pants,Electronics,112,30287.0,3392144.0,West,1,15,25743.95
2025-02-17,Watch,Clothing,29,50130.0,1453770.0,North,5,15,42610.5
2025-02-18,Mobile,Accessories,92,33181.0,3052652.0,West,3,5,31521.949999999997
2025-02-19,Headphones,Accessories,33,69498.0,2293434.0,South,1,6,65328.119999999995
2025-02-20,Shoes,Electronics,67,46367.0,3106589.0,East,1,12,40802.96
2025-02-21,Shirt,Footwear,118,75504.0,8909472.0,North,3,6,70973.76
2025-02-22,Watch,Electronics,53,43608.0,2311224.0,South,4,5,41427.6
2025-02-23,Pants,Clothing,85,39699.0,3374415.0,South,3,14,34141.14
2025-02-24,Headphones,Electronics,88,52469.0,4617272.0,West,2,7,48796.17
2025-02-25,Watch,Accessories,109,38759.0,4224731.0,East,2,10,34883.1
2025-02-26,Pants,Clothing,122,114326.0,13947772.0,North,1,13,99463.62
2025-02-27,Laptop,Electronics,90,74519.0,6706710.0,North,5,19,60360.39000000001
2025-02-28,Laptop,Electronics,67,112125.0,7512375.0,South,2,11,99791.25
2025-03-01,Tablet,Accessories,108,95517.0,10315836.0,North,4,18,78323.94
2025-03-02,Watch,Accessories,53,96547.0,5116991.0,South,1,12,84961.36
2025-03-03,Laptop,Electronics,75,48987.0,3674025.0,North,4,16,41149.08
2025-03-04,Pants,Footwear,5,35688.0,178440.0,South,1,12,31405.44
2025-03-05,Tablet,Electronics,145,74641.0,10822945.0,South,4,15,63444.85
2025-03-06,Pants,Electronics,127,74863.0,9507601.0,East,2,6,70371.22
2025-03-07,Tablet,Electronics,66,22631.0,1493646.0,North,1,6,21273.14
2025-03-08,Watch,Electronics,36,61881.0,2227716.0,West,3,17,51361.229999999996
2025-03-09,Headphones,Footwear,33,63683.0,2101539.0,South,4,5,60498.85
2025-03-10,Mobile,Electronics,53,49353.0,2615709.0,East,2,13,42937.11
2025-03-11,TV,Footwear,34,6568.0,223312.0,North,2,6,6173.92
2025-03-12,Headphones,Clothing,148,27624.0,4088352.0,East,3,17,22927.92
2025-03-13,Bag,Electronics,23,112560.0,2588880.0,West,4,6,105806.4
2025-03-14,Pants,Accessories,22,45204.0,994488.0,West,4,14,38875.44
2025-03-15,Bag,Electronics,5,84069.0,420345.0,West,5,14,72299.34
2025-03-16,Headphones,Electronics,82,88852.0,7285864.0,North,1,16,74635.68
2025-03-17,Tablet,Electronics,119,112955.0,13441645.0,East,2,15,96011.75
2025-03-18,TV,Clothing,117,57185.0,6690645.0,North,5,6,53753.899999999994
2025-03-19,TV,Footwear,118,50269.0,5931742.0,East,4,11,44739.41
2025-03-20,Shirt,Electronics,67,52526.0,3519242.0,East,2,10,47273.4
2025-03-21,TV,Clothing,136,108937.0,14815432.0,West,3,17,90417.70999999999
2025-03-22,Mobile,Electronics,133,81261.0,10807713.0,West,3,19,65821.41
2025-03-23,TV,Electronics,12,23598.0,283176.0,East,4,7,21946.14
2025-03-24,Headphones,Clothing,59,98593.0,5816987.0,West,4,12,86761.84
2025-03-25,Shirt,Electronics,107,51061.0,5463527.0,South,4,20,40848.8
2025-03-26,Headphones,Accessories,135,76097.0,10273095.0,South,3,17,63160.509999999995
2025-03-27,Headphones,Electronics,36,82105.0,2955780.0,North,1,20,65684.0
2025-03-28,Shoes,Electronics,14,68777.0,962878.0,East,5,9,62587.07
2025-03-29,Shirt,Accessories,114,65841.0,7505874.0,East,3,6,61890.53999999999
2025-03-30,Headphones,Electronics,128,9278.0,1187584.0,North,3,12,8164.64
2025-03-31,Shoes,Accessories,91,25203.0,2293473.0,South,5,20,20162.4
2025-04-01,Shoes,Accessories,59,62968.0,3715112.0,North,1,18,51633.76
2025-04-02,Shirt,Accessories,36,51247.0,1844892.0,West,3,10,46122.3
2025-04-03,Bag,Footwear,139,71826.0,9983814.0,East,4,11,63925.14
2025-04-04,Tablet,Footwear,97,57860.0,5612420.0,East,1,14,49759.6
2025-04-05,Mobile,Accessories,12,104586.0,1255032.0,West,2,8,96219.12000000001
2025-04-06,Tablet,Electronics,69,49986.0,3449034.0,West,1,11,44487.54
2025-04-07,TV,Clothing,61,2125.0,129625.0,West,1,11,1891.25
2025-04-08,Mobile,Electronics,71,84176.0,5976496.0,South,5,6,79125.44
2025-04-09,TV,Clothing,76,105421.0,8011996.0,East,3,17,87499.43
2025-04-10,Headphones,Clothing,58,118032.0,6845856.0,West,5,8,108589.44
2025-04-11,Pants,Accessories,71,26215.0,1861265.0,South,5,18,21496.300000000003
2025-04-12,Shirt,Electronics,55,33520.0,1843600.0,South,2,10,30168.0
2025-04-13,Mobile,Electronics,101,65081.0,6573181.0,West,4,10,58572.9
2025-04-14,Mobile,Footwear,96,91027.0,8738592.0,North,1,15,77372.95
2025-04-15,Headphones,Electronics,12,102415.0,1228980.0,West,3,12,90125.2
2025-04-16,Bag,Electronics,39,26489.0,1033071.0,North,4,5,25164.55
2025-04-17,Shoes,Electronics,100,3589.0,358900.0,East,2,20,2871.2000000000003
2025-04-18,Headphones,Electronics,92,25883.0,2381236.0,West,2,11,23035.87
2025-04-19,Laptop,Electronics,82,13829.0,1133978.0,West,4,16,11616.359999999999
2025-04-20,Shoes,Electronics,36,61750.0,2223000.0,East,3,7,57427.49999999999
2025-04-21,Shirt,Accessories,124,25026.0,3103224.0,East,4,10,22523.4
2025-04-22,Shoes,Electronics,50,100934.0,5046700.0,East,4,19,81756.54000000001
2025-04-23,Bag,Electronics,148,26830.0,3970840.0,West,5,8,24683.600000000002
2025-04-24,Shoes,Accessories,146,98962.0,14448452.0,South,1,7,92034.65999999999
2025-04-25,Shirt,Electronics,59,46363.0,2735417.0,West,1,13,40335.81
2025-04-26,Bag,Electronics,11,98711.0,1085821.0,South,1,10,88839.90000000001
2025-04-27,Tablet,Electronics,78,66635.0,5197530.0,North,5,17,55307.049999999996
2025-04-28,Mobile,Clothing,11,11853.0,130383.0,North,5,6,11141.82
2025-04-29,Mobile,Accessories,89,28161.0,2506329.0,West,2,9,25626.510000000002
2025-04-30,TV,Electronics,116,82141.0,9528356.0,West,5,14,70641.26
2025-05-01,Tablet,Accessories,129,74337.0,9589473.0,West,3,19,60212.97
2025-05-02,Tablet,Electronics,40,33862.0,1354480.0,North,5,16,28444.079999999998
2025-05-03,Shoes,Clothing,33,99018.0,3267594.0,West,1,14,85155.48
2025-05-04,Mobile,Electronics,86,56646.0,4871556.0,East,1,13,49282.02
2025-05-05,Shirt,Clothing,6,21488.0,128928.0,West,1,13,18694.56
2025-05-06,Watch,Accessories,133,95281.0,12672373.0,South,2,15,80988.84999999999
2025-05-07,Watch,Accessories,51,37077.0,1890927.0,South,3,5,35223.15
2025-05-08,Bag,Footwear,15,111762.0,1676430.0,West,5,15,94997.7
2025-05-09,Mobile,Electronics,134,15513.0,2078742.0,North,4,15,13186.05
2025-05-10,Mobile,Clothing,123,81085.0,9973455.0,South,4,13,70543.95
2025-05-11,Watch,Footwear,144,72915.0,10499760.0,East,5,18,59790.3
2025-05-12,Mobile,Accessories,24,10526.0,252624.0,East,2,5,9999.699999999999
2025-05-13,Shoes,Electronics,9,110291.0,992619.0,South,4,6,103673.54
2025-05-14,Laptop,Clothing,41,1760.0,72160.0,North,3,9,1601.6000000000001
2025-05-15,Pants,Electronics,141,79348.0,11188068.0,East,4,20,63478.4
2025-05-16,Tablet,Electronics,57,83386.0,4753002.0,North,5,5,79216.7
2025-05-17,TV,Clothing,103,26945.0,2775335.0,North,1,12,23711.6
2025-05-18,Bag,Accessories,90,32090.0,2888100.0,North,2,7,29843.699999999997
2025-05-19,Laptop,Electronics,112,20222.0,2264864.0,West,3,16,16986.48
2025-05-20,Watch,Electronics,28,52779.0,1477812.0,East,4,8,48556.68
2025-05-21,Tablet,Clothing,85,70516.0,5993860.0,West,2,14,60643.76
2025-05-22,Mobile,Electronics,124,84047.0,10421828.0,West,5,10,75642.3
2025-05-23,TV,Clothing,63,28580.0,1800540.0,East,1,11,25436.2
2025-05-24,Mobile,Clothing,132,110398.0,14572536.0,East,4,10,99358.2
2025-05-25,Shirt,Clothing,118,2556.0,301608.0,West,4,5,2428.2
2025-05-26,Shirt,Accessories,119,70526.0,8392594.0,North,2,5,66999.7
2025-05-27,TV,Electronics,18,92647.0,1667646.0,West,3,5,88014.65
2025-05-28,TV,Electronics,13,115194.0,1497522.0,South,5,6,108282.36
2025-05-29,Watch,Electronics,44,90099.0,3964356.0,North,2,19,72980.19
2025-05-30,TV,Clothing,29,20249.0,587221.0,West,3,14,17414.14
2025-05-31,Shoes,Clothing,107,75917.0,8123119.0,North,4,9,69084.47
2025-06-01,Mobile,Clothing,26,105561.0,2744586.0,East,5,17,87615.62999999999
2025-06-02,Laptop,Electronics,8,16282.0,130256.0,South,3,12,14328.16
2025-06-03,Headphones,Footwear,33,861.0,28413.0,North,5,18,706.0200000000001
2025-06-04,TV,Clothing,113,37612.0,4250156.0,West,3,17,31217.96
2025-06-05,Bag,Accessories,102,114215.0,11649930.0,West,1,5,108504.25
2025-06-06,Shirt,Electronics,41,3120.0,127920.0,West,4,20,2496.0
2025-06-07,Shoes,Electronics,79,91394.0,7220126.0,North,2,11,81340.66
2025-06-08,Tablet,Clothing,74,114506.0,8473444.0,East,2,5,108780.7
2025-06-09,Headphones,Accessories,132,60515.0,7987980.0,West,5,8,55673.8
2025-06-10,Laptop,Accessories,89,79761.0,7098729.0,North,5,6,74975.34
2025-06-11,Headphones,Electronics,46,9146.0,420716.0,East,5,8,8414.32
2025-06-12,TV,Footwear,104,94442.0,9821968.0,North,2,16,79331.28
2025-06-13,Watch,Accessories,45,45700.0,2056500.0,North,4,20,36560.0
2025-06-14,Shirt,Electronics,38,104740.0,3980120.0,North,2,9,95313.40000000001
2025-06-15,Shirt,Accessories,21,16509.0,346689.0,North,3,18,13537.380000000001
2025-06-16,Tablet,Accessories,126,55430.0,6984180.0,East,4,13,48224.1
2025-06-17,Watch,Accessories,80,112022.0,8961760.0,South,2,19,90737.82
2025-06-18,Mobile,Electronics,91,98856.0,8995896.0,North,4,7,91936.07999999999
2025-06-19,Pants,Electronics,121,30227.0,3657467.0,North,4,11,26902.03
2025-06-20,Shoes,Footwear,110,72741.0,8001510.0,West,1,15,61829.85
2025-06-21,Shirt,Clothing,90,112540.0,10128600.0,West,3,16,94533.59999999999
2025-06-22,Bag,Accessories,31,115046.0,3566426.0,East,5,15,97789.09999999999
2025-06-23,Shirt,Electronics,61,59521.0,3630781.0,South,1,10,53568.9
2025-06-24,Headphones,Clothing,35,1156.0,40460.0,South,3,12,1017.28
2025-06-25,Shirt,Footwear,138,100575.0,13879350.0,North,1,16,84483.0
2025-06-26,Shirt,Accessories,102,74331.0,7581762.0,North,1,12,65411.28
2025-06-27,Pants,Clothing,16,48108.0,769728.0,East,5,8,44259.36
2025-06-28,Pants,Clothing,57,78539.0,4476723.0,North,1,10,70685.1
2025-06-29,Laptop,Electronics,142,26163.0,3715146.0,West,4,19,21192.030000000002
2025-06-30,Mobile,Clothing,149,101957.0,15191593.0,West,2,5,96859.15
2025-07-01,Bag,Electronics,126,39643.0,4995018.0,South,2,9,36075.130000000005
2025-07-02,Shirt,Electronics,50,99459.0,4972950.0,East,2,15,84540.15
2025-07-03,Shirt,Electronics,68,39263.0,2669884.0,East,1,7,36514.59
2025-07-04,Shoes,Electronics,134,114425.0,15332950.0,West,1,16,96117.0
2025-07-05,Pants,Clothing,58,116600.0,6762800.0,North,4,17,96778.0
2025-07-06,Bag,Electronics,111,81018.0,8992998.0,West,3,15,68865.3
2025-07-07,Tablet,Electronics,55,4903.0,269665.0,East,3,20,3922.4
2025-07-08,Laptop,Footwear,40,65328.0,2613120.0,South,4,5,62061.6
2025-07-09,Mobile,Clothing,119,72299.0,8603581.0,West,2,10,65069.1
2025-07-10,Watch,Clothing,30,26049.0,781470.0,South,4,18,21360.18
2025-07-11,Mobile,Electronics,33,32060.0,1057980.0,East,5,6,30136.399999999998
2025-07-12,Headphones,Accessories,15,31785.0,476775.0,North,3,11,28288.65
2025-07-13,Shirt,Electronics,44,22215.0,977460.0,West,2,16,18660.6
2025-07-14,Laptop,Clothing,15,77739.0,1166085.0,East,5,5,73852.05
2025-07-15,Headphones,Electronics,117,43785.0,5122845.0,East,4,11,38968.65
2025-07-16,Bag,Accessories,43,27158.0,1167794.0,North,2,10,24442.2
2025-07-17,Watch,Accessories,58,26217.0,1520586.0,North,3,7,24381.809999999998
2025-07-18,Pants,Clothing,102,76907.0,7844514.0,North,1,11,68447.23
2025-07-19,Laptop,Footwear,59,45550.0,2687450.0,West,5,10,40995.0
2025-07-20,Laptop,Electronics,115,12401.0,1426115.0,South,1,7,11532.929999999998
2025-07-21,Shirt,Electronics,73,29626.0,2162698.0,East,4,14,25478.36
2025-07-22,TV,Clothing,60,17978.0,1078680.0,South,5,9,16359.980000000001
2025-07-23,Laptop,Electronics,37,45441.0,1681317.0,South,4,11,40442.49
2025-07-24,Shoes,Clothing,40,42429.0,1697160.0,North,2,9,38610.39
2025-07-25,Watch,Clothing,85,86852.0,7382420.0,North,1,18,71218.64
2025-07-26,Watch,Clothing,113,118602.0,13402026.0,East,2,19,96067.62000000001
2025-07-27,Shoes,Footwear,77,48564.0,3739428.0,South,5,15,41279.4
2025-07-28,Tablet,Clothing,44,99033.0,4357452.0,South,3,12,87149.04
2025-07-29,Shoes,Accessories,21,85078.0,1786638.0,South,2,16,71465.52
2025-07-30,Shoes,Electronics,133,57256.0,7615048.0,West,2,5,54393.2
2025-07-31,Watch,Electronics,65,27690.0,1799850.0,West,3,19,22428.9
2025-08-01,Mobile,Clothing,108,20175.0,2178900.0,North,2,19,16341.750000000002
2025-08-02,Watch,Electronics,46,26923.0,1238458.0,East,4,5,25576.85
2025-08-03,TV,Electronics,29,23479.0,680891.0,West,1,12,20661.52
2025-08-04,Shirt,Electronics,43,78501.0,3375543.0,South,5,5,74575.95
2025-08-05,Headphones,Footwear,39,112414.0,4384146.0,North,5,16,94427.76
2025-08-06,Mobile,Clothing,135,11761.0,1587735.0,East,2,10,10584.9
2025-08-07,Pants,Accessories,112,107635.0,12055120.0,West,3,19,87184.35
2025-08-08,Headphones,Accessories,106,66261.0,7023666.0,South,1,9,60297.51
2025-08-09,Shirt,Electronics,102,88597.0,9036894.0,North,1,5,84167.15
2025-08-10,TV,Electronics,16,49353.0,789648.0,East,5,8,45404.76
2025-08-11,TV,Clothing,23,33342.0,766866.0,North,2,20,26673.600000000002
2025-08-12,Pants,Electronics,105,27116.0,2847180.0,West,2,20,21692.800000000003
2025-08-13,Mobile,Clothing,48,64524.0,3097152.0,West,2,18,52909.68000000001
2025-08-14,Tablet,Accessories,53,45165.0,2393745.0,East,2,7,42003.45
2025-08-15,Shoes,Electronics,21,4848.0,101808.0,West,5,17,4023.8399999999997
2025-08-16,Mobile,Accessories,78,35333.0,2755974.0,North,1,9,32153.030000000002
2025-08-17,Tablet,Clothing,61,50877.0,3103497.0,South,2,11,45280.53
2025-08-18,TV,Electronics,59,96259.0,5679281.0,South,5,6,90483.45999999999
2025-08-19,Watch,Accessories,51,94788.0,4834188.0,South,3,12,83413.44
2025-08-20,Shirt,Clothing,16,100150.0,1602400.0,North,5,12,88132.0
2025-08-21,Pants,Footwear,66,98517.0,6502122.0,North,5,15,83739.45
2025-08-22,Shirt,Electronics,84,70335.0,5908140.0,East,1,16,59081.399999999994
2025-08-23,Bag,Electronics,87,35246.0,3066402.0,East,2,11,31368.94
2025-08-24,Bag,Electronics,12,47264.0,567168.0,West,2,17,39229.119999999995
2025-08-25,Mobile,Electronics,85,101659.0,8641015.0,South,5,14,87426.74
2025-08-26,TV,Electronics,122,106825.0,13032650.0,North,3,12,94006.0
2025-08-27,TV,Accessories,29,69550.0,2016950.0,North,3,6,65376.99999999999
2025-08-28,Shoes,Electronics,93,46093.0,4286649.0,West,4,12,40561.840000000004
2025-08-29,Shoes,Accessories,16,101720.0,1627520.0,North,1,7,94599.59999999999
2025-08-30,Shoes,Electronics,147,61472.0,9036384.0,South,1,17,51021.759999999995
2025-08-31,Watch,Electronics,63,92352.0,5818176.0,East,4,5,87734.4
2025-09-01,Headphones,Footwear,113,67849.0,7666937.0,West,4,17,56314.67
2025-09-02,Laptop,Footwear,30,64874.0,1946220.0,South,1,5,61630.299999999996
2025-09-03,Headphones,Clothing,51,119244.0,6081444.0,North,1,9,108512.04000000001
2025-09-04,Shirt,Electronics,36,108742.0,3914712.0,North,1,17,90255.86
2025-09-05,Headphones,Footwear,14,13960.0,195440.0,East,3,9,12703.6
2025-09-06,Watch,Footwear,20,22127.0,442540.0,East,1,7,20578.109999999997
2025-09-07,Shirt,Accessories,149,86675.0,12914575.0,East,4,10,78007.5
2025-09-08,Headphones,Accessories,30,61567.0,1847010.0,East,3,19,49869.270000000004
2025-09-09,Watch,Clothing,90,98155.0,8833950.0,North,2,19,79505.55
2025-09-10,Laptop,Electronics,139,12788.0,1777532.0,South,2,5,12148.599999999999
2025-09-11,Headphones,Electronics,18,101878.0,1833804.0,East,4,18,83539.96
2025-09-12,Watch,Accessories,83,104934.0,8709522.0,West,1,20,83947.20000000001
2025-09-13,Shoes,Electronics,121,118354.0,14320834.0,West,2,10,106518.6
2025-09-14,TV,Clothing,11,52433.0,576763.0,West,1,12,46141.04
2025-09-15,Shoes,Accessories,141,44938.0,6336258.0,North,5,11,39994.82
2025-09-16,TV,Electronics,119,33597.0,3998043.0,West,2,16,28221.48
2025-09-17,Pants,Electronics,76,82389.0,6261564.0,East,4,18,67558.98000000001
2025-09-18,Pants,Clothing,63,76567.0,4823721.0,East,2,14,65847.62
2025-09-19,Pants,Clothing,86,71460.0,6145560.0,South,2,5,67887.0
2025-09-20,Laptop,Electronics,120,76819.0,9218280.0,South,2,12,67600.72
2025-09-21,Shoes,Electronics,107,111653.0,11946871.0,South,2,10,100487.7
2025-09-22,TV,Electronics,21,20016.0,420336.0,South,3,5,19015.2
2025-09-23,Watch,Electronics,18,42440.0,763920.0,North,2,18,34800.8
2025-09-24,Shirt,Electronics,112,6476.0,725312.0,South,4,12,5698.88
2025-09-25,Watch,Electronics,49,114139.0,5592811.0,South,5,7,106149.26999999999
2025-09-26,Shirt,Electronics,102,104399.0,10648698.0,North,1,7,97091.06999999999
2025-09-27,Bag,Clothing,135,79730.0,10763550.0,West,1,16,66973.2
2025-09-28,Watch,Electronics,41,23699.0,971659.0,West,3,10,21329.100000000002
2025-09-29,Headphones,Accessories,112,88776.0,9942912.0,West,3,10,79898.40000000001
2025-09-30,Headphones,Clothing,43,109056.0,4689408.0,East,2,11,97059.84
2025-10-01,Mobile,Electronics,19,82695.0,1571205.0,South,2,10,74425.5
2025-10-02,Shoes,Clothing,124,71835.0,8907540.0,West,5,11,63933.15
2025-10-03,Shirt,Footwear,8,108003.0,864024.0,South,5,12,95042.64
2025-10-04,Shirt,Accessories,97,85312.0,8275264.0,West,3,16,71662.08
2025-10-05,Shoes,Electronics,145,36146.0,5241170.0,South,3,11,32169.94
2025-10-06,Laptop,Electronics,20,55404.0,1108080.0,North,1,13,48201.48
2025-10-07,Mobile,Electronics,112,52086.0,5833632.0,North,2,15,44273.1
2025-10-08,Laptop,Electronics,130,71852.0,9340760.0,East,3,16,60355.68
2025-10-09,Laptop,Electronics,59,15763.0,930017.0,East,3,7,14659.589999999998
2025-10-10,Laptop,Clothing,38,92524.0,3515912.0,East,1,11,82346.36
2025-10-11,Shoes,Electronics,17,92664.0,1575288.0,East,2,12,81544.32
2025-10-12,Laptop,Electronics,145,102072.0,14800440.0,West,4,8,93906.24
2025-10-13,Headphones,Footwear,22,10047.0,221034.0,East,4,15,8539.949999999999
2025-10-14,Pants,Electronics,100,26355.0,2635500.0,South,1,10,23719.5
2025-10-15,Bag,Footwear,127,79871.0,10143617.0,South,1,5,75877.45
2025-10-16,Shirt,Electronics,43,117091.0,5034913.0,North,4,14,100698.26
2025-10-17,Shirt,Clothing,50,83510.0,4175500.0,West,4,15,70983.5
2025-10-18,Bag,Electronics,33,67478.0,2226774.0,North,3,20,53982.4
2025-10-19,Shoes,Electronics,66,18509.0,1221594.0,East,4,20,14807.2
2025-10-20,Watch,Footwear,20,819.0,16380.0,North,3,16,687.9599999999999
2025-10-21,Shoes,Footwear,125,83394.0,10424250.0,West,5,19,67549.14
2025-10-22,Shirt,Electronics,14,50308.0,704312.0,East,3,20,40246.4
2025-10-23,Shirt,Electronics,107,34907.0,3735049.0,East,3,18,28623.74
2025-10-24,Bag,Accessories,88,20537.0,1807256.0,South,4,8,18894.04
2025-10-25,Laptop,Electronics,137,81737.0,11197969.0,East,3,8,75198.04000000001
2025-10-26,Shoes,Electronics,69,66704.0,4602576.0,North,2,5,63368.799999999996
2025-10-27,TV,Electronics,7,47814.0,334698.0,South,5,13,41598.18
2025-10-28,Bag,Clothing,146,91628.0,13377688.0,West,5,9,83381.48
2025-10-29,Headphones,Electronics,124,91355.0,11328020.0,West,1,11,81305.95
2025-10-30,Shirt,Electronics,72,481.0,34632.0,South,5,20,384.8
2025-10-31,Bag,Electronics,41,27620.0,1132420.0,West,3,17,22924.6
2025-11-01,Shoes,Electronics,77,81096.0,6244392.0,South,2,13,70553.52
2025-11-02,Shirt,Clothing,147,39230.0,5766810.0,East,3,6,36876.2
2025-11-03,Watch,Accessories,53,1258.0,66674.0,West,5,11,1119.6200000000001
2025-11-04,Bag,Electronics,125,86413.0,10801625.0,South,3,14,74315.18
2025-11-05,Mobile,Accessories,92,76460.0,7034320.0,North,3,20,61168.0
2025-11-06,Shirt,Electronics,144,28604.0,4118976.0,West,5,9,26029.64
2025-11-07,Shoes,Footwear,41,103682.0,4250962.0,East,3,15,88129.7
2025-11-08,Pants,Electronics,65,105484.0,6856460.0,West,3,19,85442.04000000001
2025-11-09,TV,Clothing,128,30056.0,3847168.0,West,1,17,24946.48
2025-11-10,Tablet,Accessories,43,9400.0,404200.0,North,5,13,8178.0
2025-11-11,Laptop,Electronics,67,64378.0,4313326.0,West,2,14,55365.08
2025-11-12,Tablet,Clothing,50,34197.0,1709850.0,West,4,9,31119.27
2025-11-13,Shoes,Electronics,92,25811.0,2374612.0,West,3,8,23746.120000000003
2025-11-14,Headphones,Electronics,15,119473.0,1792095.0,East,3,6,112304.62
2025-11-15,Headphones,Clothing,66,41435.0,2734710.0,East,5,9,37705.85
2025-11-16,Pants,Footwear,81,117628.0,9527868.0,South,5,8,108217.76000000001
2025-11-17,Laptop,Electronics,56,35257.0,1974392.0,South,4,19,28558.170000000002
2025-11-18,Mobile,Electronics,8,1439.0,11512.0,East,3,11,1280.71
2025-11-19,Pants,Accessories,63,103874.0,6544062.0,East,2,8,95564.08
2025-11-20,Tablet,Electronics,76,114674.0,8715224.0,South,1,13,99766.38
2025-11-21,Pants,Accessories,97,65861.0,6388517.0,West,2,7,61250.729999999996
2025-11-22,Tablet,Electronics,67,45472.0,3046624.0,West,2,11,40470.08
2025-11-23,Shirt,Clothing,58,89593.0,5196394.0,South,2,20,71674.40000000001
2025-11-24,Headphones,Electronics,121,61412.0,7430852.0,East,3,19,49743.72
2025-11-25,Shirt,Electronics,114,15598.0,1778172.0,North,5,13,13570.26
2025-11-26,TV,Accessories,78,56703.0,4422834.0,West,1,5,53867.85
2025-11-27,Laptop,Electronics,111,6838.0,759018.0,South,2,13,5949.06
2025-11-28,Mobile,Clothing,61,6770.0,412970.0,South,1,12,5957.6
2025-11-29,Tablet,Accessories,7,68985.0,482895.0,North,3,8,63466.200000000004
2025-11-30,Mobile,Electronics,124,9310.0,1154440.0,West,1,5,8844.5
2025-12-01,Tablet,Accessories,10,106099.0,1060990.0,West,1,20,84879.20000000001
2025-12-02,Shoes,Electronics,9,79341.0,714069.0,East,4,7,73787.12999999999
2025-12-03,Pants,Electronics,9,12315.0,110835.0,East,3,10,11083.5
2025-12-04,TV,Electronics,58,39262.0,2277196.0,South,2,5,37298.9
2025-12-05,Headphones,Accessories,51,23111.0,1178661.0,East,4,7,21493.23
2025-12-06,Tablet,Electronics,13,104261.0,1355393.0,North,2,12,91749.68000000001
2025-12-07,Mobile,Electronics,103,32756.0,3373868.0,West,1,17,27187.48
2025-12-08,TV,Electronics,24,78331.0,1879944.0,North,1,15,66581.34999999999
2025-12-09,Watch,Electronics,126,2169.0,273294.0,East,2,12,1908.72
2025-12-10,Watch,Footwear,65,43953.0,2856945.0,East,4,17,36480.99
2025-12-11,Shirt,Footwear,127,83011.0,10542397.0,North,5,16,69729.23999999999
2025-12-12,Headphones,Electronics,86,4670.0,401620.0,West,2,14,4016.2
2025-12-13,Shoes,Accessories,66,10425.0,688050.0,South,4,5,9903.75
2025-12-14,Mobile,Accessories,149,108060.0,16100940.0,South,2,19,87528.6
2025-12-15,Pants,Electronics,7,107710.0,753970.0,West,3,6,101247.4
2025-12-16,Pants,Electronics,17,108495.0,1844415.0,East,4,6,101985.29999999999
2025-12-17,Mobile,Clothing,124,23396.0,2901104.0,North,4,11,20822.44
2025-12-18,Laptop,Accessories,129,106023.0,13676967.0,East,2,11,94360.47
2025-12-19,Shoes,Accessories,93,13869.0,1289817.0,East,4,20,11095.2
2025-12-20,TV,Electronics,77,37580.0,2893660.0,South,2,6,35325.2
2025-12-21,Tablet,Electronics,72,110877.0,7983144.0,East,1,19,89810.37000000001
2025-12-22,Laptop,Clothing,146,116086.0,16948556.0,East,5,5,110281.7
2025-12-23,Tablet,Electronics,105,48520.0,5094600.0,West,1,17,40271.6
2025-12-24,Tablet,Electronics,102,47614.0,4856628.0,East,3,18,39043.48
2025-12-25,Laptop,Footwear,15,103742.0,1556130.0,North,3,11,92330.38
2025-12-26,Shirt,Electronics,109,15777.0,1719693.0,North,1,5,14988.15
2025-12-27,Watch,Clothing,71,88209.0,6262839.0,South,3,8,81152.28
2025-12-28,Tablet,Electronics,127,55609.0,7062343.0,East,1,7,51716.369999999995
2025-12-29,Laptop,Electronics,33,28825.0,951225.0,South,3,13,25077.75
2025-12-30,Laptop,Footwear,141,81240.0,11454840.0,North,3,14,69866.4
2025-12-31,Bag,Accessories,80,24289.0,1943120.0,East,3,18,19916.980000000003
2026-01-01,Shirt,Electronics,13,36687.0,476931.0,West,5,6,34485.78
2026-01-02,Headphones,Electronics,44,66038.0,2905672.0,West,4,14,56792.68
2026-01-03,Bag,Electronics,29,97199.0,2818771.0,East,4,12,85535.12
2026-01-04,Bag,Accessories,9,110648.0,995832.0,West,4,10,99583.2
2026-01-05,Mobile,Footwear,143,94995.0,13584285.0,East,1,13,82645.65
2026-01-06,Watch,Accessories,128,50338.0,6443264.0,South,5,18,41277.16
2026-01-07,Laptop,Clothing,42,43023.0,1806966.0,South,5,10,38720.700000000004
2026-01-08,Watch,Accessories,76,37408.0,2843008.0,East,1,9,34041.28
2026-01-09,Shoes,Clothing,137,54261.0,7433757.0,South,2,9,49377.51
2026-01-10,Mobile,Clothing,94,30859.0,2900746.0,South,1,15,26230.149999999998
2026-01-11,Headphones,Electronics,41,101576.0,4164616.0,South,3,14,87355.36
2026-01-12,Watch,Electronics,64,32090.0,2053760.0,East,4,7,29843.699999999997
2026-01-13,Pants,Accessories,32,79334.0,2538688.0,East,3,6,74573.95999999999
2026-01-14,Tablet,Accessories,85,47255.0,4016675.0,North,2,15,40166.75
2026-01-15,Shoes,Footwear,118,112469.0,13271342.0,South,2,13,97848.03
2026-01-16,Shirt,Clothing,44,19708.0,867152.0,East,3,5,18722.6
2026-01-17,Headphones,Electronics,49,42487.0,2081863.0,North,1,12,37388.56
2026-01-18,Shoes,Clothing,66,79116.0,5221656.0,East,4,19,64083.96000000001
2026-01-19,Tablet,Electronics,97,27184.0,2636848.0,West,5,15,23106.399999999998
2026-01-20,Mobile,Electronics,119,110369.0,13133911.0,East,1,7,102643.17
2026-01-21,Tablet,Accessories,71,8325.0,591075.0,West,1,6,7825.5
2026-01-22,Bag,Electronics,60,36259.0,2175540.0,West,1,15,30820.149999999998
2026-01-23,Tablet,Electronics,44,69769.0,3069836.0,North,5,13,60699.03
2026-01-24,Bag,Clothing,102,103609.0,10568118.0,West,1,10,93248.1
2026-01-25,Mobile,Electronics,44,17287.0,760628.0,South,3,7,16076.909999999998
2026-01-26,TV,Clothing,95,106637.0,10130515.0,South,2,5,101305.15
2026-01-27,Bag,Accessories,37,115462.0,4272094.0,North,4,20,92369.6
2026-01-28,Shirt,Clothing,10,5904.0,59040.0,South,5,19,4782.240000000001
2026-01-29,Tablet,Accessories,84,60776.0,5105184.0,East,3,20,48620.8
2026-01-30,Tablet,Electronics,96,73584.0,7064064.0,North,5,12,64753.92
2026-01-31,Shirt,Clothing,101,87328.0,8820128.0,West,4,12,76848.64
2026-02-01,Pants,Electronics,63,111479.0,7023177.0,North,2,17,92527.56999999999
2026-02-02,Laptop,Electronics,63,72660.0,4577580.0,West,5,14,62487.6
2026-02-03,TV,Electronics,52,27408.0,1425216.0,South,5,7,25489.44
2026-02-04,Headphones,Electronics,17,118716.0,2018172.0,South,3,18,97347.12000000001
2026-02-05,Bag,Footwear,111,85350.0,9473850.0,East,2,20,68280.0
2026-02-06,Shirt,Clothing,49,66224.0,3244976.0,East,4,11,58939.36
2026-02-07,Mobile,Accessories,93,40082.0,3727626.0,North,1,13,34871.34
2026-02-08,Bag,Clothing,104,26123.0,2716792.0,North,1,15,22204.55
2026-02-09,Laptop,Accessories,11,114244.0,1256684.0,South,1,6,107389.36
2026-02-10,Mobile,Electronics,137,101677.0,13929749.0,North,3,5,96593.15
2026-02-11,Shoes,Electronics,49,29365.0,1438885.0,North,4,20,23492.0
2026-02-12,Tablet,Clothing,62,67403.0,4178986.0,North,1,8,62010.76
2026-02-13,Shoes,Footwear,35,91949.0,3218215.0,West,2,8,84593.08
2026-02-14,Bag,Footwear,27,4314.0,116478.0,East,2,10,3882.6
2026-02-15,Laptop,Clothing,142,65165.0,9253430.0,West,2,13,56693.55
2026-02-16,TV,Electronics,111,36521.0,4053831.0,North,1,5,34694.95
2026-02-17,Bag,Electronics,43,73497.0,3160371.0,East,4,6,69087.18
2026-02-18,Shirt,Electronics,86,96852.0,8329272.0,West,3,10,87166.8
2026-02-19,Watch,Electronics,104,99504.0,10348416.0,North,4,14,85573.44
2026-02-20,Bag,Accessories,6,114142.0,684852.0,West,2,13,99303.54
2026-02-21,Tablet,Footwear,81,25626.0,2075706.0,South,4,9,23319.66
2026-02-22,Tablet,Accessories,16,17972.0,287552.0,East,3,8,16534.24
2026-02-23,Bag,Accessories,43,103954.0,4470022.0,West,5,8,95637.68000000001
2026-02-24,Mobile,Accessories,17,3912.0,66504.0,East,4,12,3442.56
2026-02-25,Watch,Footwear,50,1567.0,78350.0,East,5,12,1378.96
2026-02-26,Shirt,Electronics,117,106693.0,12483081.0,North,3,16,89622.12
2026-02-27,Bag,Accessories,21,107517.0,2257857.0,West,3,5,102141.15
2026-02-28,Mobile,Electronics,108,115342.0,12456936.0,South,4,6,108421.48
2026-03-01,Tablet,Electronics,102,91936.0,9377472.0,East,3,20,73548.8
2026-03-02,Tablet,Electronics,92,52124.0,4795408.0,South,5,11,46390.36
2026-03-03,Laptop,Clothing,113,3926.0,443638.0,East,3,5,3729.7
2026-03-04,Bag,Electronics,74,89352.0,6612048.0,West,2,9,81310.32
2026-03-05,Watch,Electronics,78,27923.0,2177994.0,North,3,9,25409.93
2026-03-06,Pants,Electronics,67,103310.0,6921770.0,South,4,20,82648.0
2026-03-07,Watch,Electronics,64,100694.0,6444416.0,South,2,11,89617.66
2026-03-08,Tablet,Footwear,83,9308.0,772564.0,East,3,13,8097.96
2026-03-09,Tablet,Electronics,41,77914.0,3194474.0,South,1,17,64668.619999999995
2026-03-10,Shoes,Clothing,26,35843.0,931918.0,West,2,20,28674.4
2026-03-11,Tablet,Electronics,100,31524.0,3152400.0,West,4,20,25219.2
2026-03-12,Shirt,Clothing,72,104096.0,7494912.0,West,1,15,88481.59999999999
2026-03-13,Headphones,Electronics,21,83560.0,1754760.0,East,2,14,71861.6
2026-03-14,Bag,Clothing,16,111096.0,1777536.0,West,4,20,88876.8
2026-03-15,Watch,Clothing,149,9127.0,1359923.0,South,5,5,8670.65
2026-03-16,Headphones,Electronics,142,93880.0,13330960.0,North,1,18,76981.6
2026-03-17,Mobile,Clothing,122,96746.0,11803012.0,North,5,18,79331.72
2026-03-18,Pants,Accessories,26,22643.0,588718.0,South,1,15,19246.55
2026-03-19,Shirt,Electronics,124,80173.0,9941452.0,East,5,10,72155.7
2026-03-20,Watch,Electronics,54,63649.0,3437046.0,South,4,13,55374.63
2026-03-21,Headphones,Footwear,18,110034.0,1980612.0,North,3,13,95729.58
2026-03-22,Pants,Electronics,33,105514.0,3481962.0,South,3,9,96017.74
2026-03-23,Shoes,Footwear,129,76943.0,9925647.0,South,2,18,63093.26
2026-03-24,Shirt,Electronics,11,60433.0,664763.0,South,3,8,55598.36
2026-03-25,Shirt,Electronics,33,25737.0,849321.0,West,5,8,23678.04
2026-03-26,Shoes,Footwear,143,101493.0,14513499.0,East,3,5,96418.34999999999
2026-03-27,Bag,Electronics,37,77776.0,2877712.0,East,3,16,65331.84
2026-03-28,Shoes,Footwear,138,107722.0,14865636.0,East,1,12,94795.36
2026-03-29,Shirt,Electronics,115,22812.0,2623380.0,South,1,5,21671.399999999998
2026-03-30,Shirt,Electronics,83,94177.0,7816691.0,North,4,11,83817.53
2026-03-31,Headphones,Accessories,62,6671.0,413602.0,West,3,5,6337.45
2026-04-01,Tablet,Clothing,30,35831.0,1074930.0,West,5,12,31531.28
2026-04-02,Pants,Accessories,33,109197.0,3603501.0,West,1,20,87357.6
2026-04-03,Shoes,Electronics,8,92259.0,738072.0,West,2,17,76574.97
2026-04-04,Pants,Accessories,103,31548.0,3249444.0,West,2,9,28708.68
2026-04-05,Shoes,Electronics,145,64932.0,9415140.0,North,4,7,60386.759999999995
2026-04-06,Mobile,Electronics,43,1377.0,59211.0,North,3,7,1280.61
2026-04-07,Shirt,Clothing,19,4960.0,94240.0,West,4,10,4464.0
2026-04-08,Tablet,Accessories,123,32979.0,4056417.0,North,4,13,28691.73
2026-04-09,Headphones,Electronics,33,21836.0,720588.0,South,5,13,18997.32
2026-04-10,Tablet,Clothing,79,82089.0,6485031.0,South,1,7,76342.76999999999
2026-04-11,Tablet,Accessories,120,53751.0,6450120.0,West,4,12,47300.88
2026-04-12,Tablet,Electronics,36,11756.0,423216.0,West,1,13,10227.72
2026-04-13,Pants,Clothing,134,27798.0,3724932.0,West,3,6,26130.12
2026-04-14,Shoes,Electronics,88,11763.0,1035144.0,West,3,11,10469.07
2026-04-15,TV,Accessories,26,47019.0,1222494.0,South,3,5,44668.049999999996
2026-04-16,Mobile,Electronics,31,109526.0,3395306.0,East,3,19,88716.06000000001
2026-04-17,Watch,Clothing,85,73970.0,6287450.0,North,3,14,63614.2
2026-04-18,Tablet,Electronics,130,91255.0,11863150.0,North,2,14,78479.3
2026-04-19,Bag,Electronics,96,27166.0,2607936.0,East,5,12,23906.08
2026-04-20,Pants,Accessories,25,81909.0,2047725.0,North,5,18,67165.38
2026-04-21,Headphones,Electronics,51,60089.0,3064539.0,West,1,13,52277.43
2026-04-22,Watch,Accessories,105,27187.0,2854635.0,East,3,5,25827.649999999998
2026-04-23,TV,Electronics,88,78914.0,6944432.0,South,5,11,70233.46
2026-04-24,Bag,Electronics,10,105074.0,1050740.0,West,4,5,99820.29999999999
2026-04-25,TV,Accessories,135,58548.0,7903980.0,North,2,13,50936.76
2026-04-26,Watch,Accessories,5,24796.0,123980.0,West,5,20,19836.800000000003
2026-04-27,Tablet,Clothing,62,33374.0,2069188.0,North,3,10,30036.600000000002
2026-04-28,Bag,Footwear,128,64306.0,8231168.0,West,2,11,57232.340000000004
2026-04-29,TV,Footwear,19,107710.0,2046490.0,East,4,15,91553.5
2026-04-30,Headphones,Accessories,68,70167.0,4771356.0,West,1,15,59641.95
2026-05-01,Shoes,Accessories,29,59382.0,1722078.0,South,5,15,50474.7
2026-05-02,Shirt,Electronics,28,93500.0,2618000.0,North,3,14,80410.0
2026-05-03,Shoes,Accessories,16,87363.0,1397808.0,West,5,12,76879.44
2026-05-04,Watch,Accessories,22,39510.0,869220.0,South,1,17,32793.299999999996
2026-05-05,Pants,Electronics,19,56288.0,1069472.0,South,4,13,48970.56
2026-05-06,Shirt,Electronics,31,9106.0,282286.0,West,2,11,8104.34
2026-05-07,Mobile,Electronics,76,37114.0,2820664.0,North,2,20,29691.2
2026-05-08,Headphones,Electronics,64,110550.0,7075200.0,South,2,5,105022.5
2026-05-09,Mobile,Electronics,149,45579.0,6791271.0,North,1,14,39197.94
2026-05-10,Bag,Electronics,97,78812.0,7644764.0,East,2,6,74083.28
2026-05-11,Shirt,Electronics,57,115028.0,6556596.0,South,4,6,108126.31999999999
2026-05-12,Mobile,Electronics,12,37850.0,454200.0,South,1,6,35579.0
2026-05-13,Mobile,Electronics,83,47081.0,3907723.0,East,5,14,40489.659999999996
2026-05-14,TV,Clothing,31,46613.0,1445003.0,West,1,9,42417.83
2026-05-15,Shoes,Electronics,54,6212.0,335448.0,East,1,19,5031.72
2026-05-16,Conditioner,Beauty,1,1449.13,1449.13,East,2,12,1275.2344
2026-05-17,Conditioner,Beauty,1,846.8,846.8,North,4,11,753.6519999999999
2026-05-18,Hair Shampoo,Beauty,5,1136.49,5682.45,North,4,10,1022.841
2026-05-19,Face Scrub,Beauty,5,752.09,3760.45,North,2,8,691.9228
2026-05-20,Body Lotion,Beauty,3,1587.06,4761.18,North,1,13,1380.7422
2026-05-21,Mascara,Beauty,3,341.75,1025.25,East,3,7,317.8275
2026-05-22,Aloe Gel,Beauty,3,162.18,486.54,North,3,9,147.58380000000002
2026-05-23,Compact Powder,Beauty,2,1625.55,3251.1,West,4,19,1316.6955
2026-05-24,Perfume,Beauty,4,606.54,2426.16,South,3,15,515.559
2026-05-25,Body Lotion,Beauty,1,316.71,316.71,North,1,11,281.8719
2026-05-26,Face Cream,Beauty,4,1082.44,4329.76,North,2,11,963.3716000000001
2026-05-27,Conditioner,Beauty,5,269.31,1346.55,South,2,18,220.8342
2026-05-28,Hair Oil,Beauty,1,2233.55,2233.55,North,3,6,2099.5370000000003
2026-05-29,Makeup Remover,Beauty,2,214.9,429.8,East,4,6,202.006
2026-05-30,Kajal,Beauty,3,1510.33,4530.99,West,2,20,1208.264
2026-05-31,Toner,Beauty,3,1180.41,3541.23,East,1,17,979.7403
2026-06-01,Lipstick,Beauty,2,1729.26,3458.52,South,5,9,1573.6266
2026-06-02,Foundation,Beauty,3,921.16,2763.48,North,1,15,782.986
2026-06-03,Sunscreen,Beauty,4,514.35,2057.4,South,4,7,478.3455
2026-06-04,Makeup Remover,Beauty,3,2457.33,7371.99,South,3,16,2064.1571999999996
2026-06-05,Conditioner,Beauty,5,2121.49,10607.45,East,2,8,1951.7707999999998
2026-06-06,Face Cream,Beauty,5,2171.95,10859.75,West,5,19,1759.2794999999999
2026-06-07,Perfume,Beauty,1,738.09,738.09,South,5,20,590.4720000000001
2026-06-08,Toner,Beauty,3,241.26,723.78,East,4,14,207.4836
2026-06-09,Hair Oil,Beauty,1,862.67,862.67,South,2,5,819.5364999999999
2026-06-10,Makeup Remover,Beauty,2,1412.14,2824.28,South,1,7,1313.2902
2026-06-11,Nail Polish,Beauty,3,917.63,2752.89,North,4,15,779.9855
2026-06-12,Conditioner,Beauty,2,2095.49,4190.98,West,1,15,1781.1664999999998
2026-06-13,Body Lotion,Beauty,2,788.13,1576.26,West,1,5,748.7235
2026-06-14,Nail Polish,Beauty,5,2418.34,12091.7,South,1,19,1958.8554000000001
2026-06-15,Primer,Beauty,3,1224.57,3673.71,South,4,6,1151.0957999999998
2026-06-16,Serum,Beauty,1,2128.75,2128.75,South,1,15,1809.4375
2026-06-17,Hair Shampoo,Beauty,3,606.79,1820.37,North,5,15,515.7715
2026-06-18,Serum,Beauty,1,1116.68,1116.68,West,2,5,1060.846
2026-06-19,Body Lotion,Beauty,2,1793.85,3587.7,North,4,18,1470.957
2026-06-20,Nail Polish,Beauty,2,475.13,950.26,South,4,11,422.8657
2026-06-21,Face Wash,Beauty,5,461.95,2309.75,East,4,13,401.8965
2026-06-22,Hair Shampoo,Beauty,5,2428.41,12142.05,East,2,18,1991.2962
2026-06-23,Face Cream,Beauty,1,1829.3,1829.3,North,5,15,1554.905
2026-06-24,Lipstick,Beauty,2,246.51,493.02,East,5,17,204.6033
2026-06-25,Makeup Remover,Beauty,1,1087.23,1087.23,West,2,17,902.4009
2026-06-26,Foundation,Beauty,5,1168.77,5843.85,South,1,15,993.4544999999999
2026-06-27,Makeup Remover,Beauty,2,1898.5,3797.0,South,1,19,1537.785
2026-06-28,Hair Shampoo,Beauty,2,739.52,1479.04,East,1,18,606.4064000000001
2026-06-29,Serum,Beauty,3,583.18,1749.54,North,3,19,472.37579999999997
2026-06-30,Foundation,Beauty,1,340.05,340.05,North,2,13,295.8435
2026-07-01,Foundation,Beauty,2,1156.54,2313.08,South,4,6,1087.1476
2026-07-02,Aloe Gel,Beauty,1,1767.97,1767.97,North,4,16,1485.0948
2026-07-03,Foundation,Beauty,5,286.75,1433.75,West,4,20,229.4
2026-07-04,Hair Shampoo,Beauty,5,2300.75,11503.75,East,2,15,1955.6375
2026-07-05,Toner,Beauty,2,1189.53,2379.06,North,3,5,1130.0535
2026-07-06,Sunscreen,Beauty,2,713.5,1427.0,West,1,17,592.2049999999999
2026-07-07,Hair Shampoo,Beauty,1,370.6,370.6,East,2,7,344.658
2026-07-08,Sunscreen,Beauty,3,579.74,1739.22,North,4,18,475.38680000000005
2026-07-09,Hair Shampoo,Beauty,2,2346.34,4692.68,East,1,9,2135.1694
2026-07-10,Nail Polish,Beauty,2,1649.94,3299.88,East,4,8,1517.9448000000002
2026-07-11,Hair Oil,Beauty,4,1364.24,5456.96,West,1,16,1145.9615999999999
2026-07-12,Serum,Beauty,4,1694.21,6776.84,South,1,6,1592.5574
2026-07-13,Aloe Gel,Beauty,2,1173.83,2347.66,West,3,16,986.0171999999999
2026-07-14,Face Wash,Beauty,3,1865.59,5596.77,South,3,19,1511.1279
2026-07-15,Perfume,Beauty,2,262.13,524.26,North,1,18,214.94660000000002
2026-07-16,Aloe Gel,Beauty,1,1480.19,1480.19,East,3,18,1213.7558000000001
2026-07-17,Mascara,Beauty,4,522.82,2091.28,South,1,20,418.2560000000001
2026-07-18,Body Lotion,Beauty,3,432.39,1297.17,North,1,13,376.1793
2026-07-19,Lipstick,Beauty,3,953.42,2860.26,East,3,15,810.4069999999999
2026-07-20,Foundation,Beauty,5,365.73,1828.65,East,2,17,303.5559
2026-07-21,Compact Powder,Beauty,5,371.27,1856.35,East,2,11,330.4303
2026-07-22,Body Lotion,Beauty,1,881.82,881.82,North,3,19,714.2742000000001
2026-07-23,Hair Oil,Beauty,3,2451.85,7355.55,East,3,8,2255.702
2026-07-24,Sunscreen,Beauty,5,562.03,2810.15,North,3,16,472.10519999999997
2026-07-25,Nail Polish,Beauty,1,190.33,190.33,West,4,9,173.20030000000003
2026-07-26,Hair Oil,Beauty,5,1943.91,9719.55,South,5,10,1749.519
2026-07-27,Hair Shampoo,Beauty,3,2046.25,6138.75,East,5,14,1759.7749999999999
2026-07-28,Body Lotion,Beauty,4,963.82,3855.28,East,2,18,790.3324000000001
2026-07-29,Conditioner,Beauty,5,1241.98,6209.9,South,1,11,1105.3622
2026-07-30,Hair Oil,Beauty,4,1676.97,6707.88,East,4,19,1358.3457
2026-07-31,Face Scrub,Beauty,2,262.94,525.88,East,5,11,234.0166
2026-08-01,Nail Polish,Beauty,1,2380.49,2380.49,East,2,8,2190.0508
2026-08-02,Hair Shampoo,Beauty,1,2233.7,2233.7,North,4,9,2032.667
2026-08-03,Kajal,Beauty,5,763.1,3815.5,West,3,16,641.004
2026-08-04,Mascara,Beauty,3,185.97,557.91,West,1,10,167.373
2026-08-05,Hair Shampoo,Beauty,1,2343.58,2343.58,North,2,18,1921.7356
2026-08-06,Body Lotion,Beauty,5,1327.44,6637.2,North,4,9,1207.9704000000002
2026-08-07,Body Lotion,Beauty,1,1417.54,1417.54,South,1,10,1275.786
2026-08-08,Perfume,Beauty,5,1757.31,8786.55,East,5,11,1564.0058999999999
2026-08-09,Perfume,Beauty,4,1597.25,6389.0,North,1,6,1501.415
2026-08-10,Body Lotion,Beauty,4,2368.15,9472.6,West,5,15,2012.9275
2026-08-11,Perfume,Beauty,5,2368.99,11844.95,East,3,13,2061.0213
2026-08-12,Toner,Beauty,2,2187.92,4375.84,West,1,15,1859.732
2026-08-13,Hair Shampoo,Beauty,4,1645.55,6582.2,West,3,15,1398.7175
2026-08-14,Sunscreen,Beauty,5,2032.23,10161.15,North,5,13,1768.0401
2026-08-15,Face Scrub,Beauty,3,1741.35,5224.05,South,4,14,1497.561
2026-08-16,Compact Powder,Beauty,5,1497.41,7487.05,North,2,6,1407.5654
2026-08-17,Face Cream,Beauty,3,451.98,1355.94,East,2,9,411.3018
2026-08-18,Perfume,Beauty,2,2056.33,4112.66,East,3,13,1789.0071
2026-08-19,Hair Shampoo,Beauty,5,2078.5,10392.5,East,1,13,1808.295
2026-08-20,Conditioner,Beauty,3,1620.96,4862.88,South,2,5,1539.912
2026-08-21,Face Wash,Beauty,4,2078.0,8312.0,East,1,9,1890.98
2026-08-22,Face Wash,Beauty,2,1680.99,3361.98,West,3,8,1546.5108
2026-08-23,Kajal,Beauty,4,635.71,2542.84,North,5,7,591.2103
